﻿{"cameraMode":{"drawMode":0,"name":"Shaded","section":"Shading Mode"},"sceneLighting":true,"audioPlay":false,"sceneViewState":{"showFog":true,"showMaterialUpdate":false,"showSkybox":true,"showFlares":true,"showImageEffects":true,"showParticleSystems":true},"in2DMode":false,"pivot":{"x":-2.712341547012329,"y":-31.64931869506836,"z":33.159725189208987},"rotation":{"x":-0.39770516753196719,"y":0.05554627627134323,"z":-0.024128971621394159,"w":-0.915517270565033},"size":62.20564651489258,"orthographic":false}