﻿{"cameraMode":{"drawMode":0,"name":"Shaded","section":"Shading Mode"},"sceneLighting":true,"audioPlay":false,"sceneViewState":{"showFog":true,"showMaterialUpdate":false,"showSkybox":true,"showFlares":true,"showImageEffects":true,"showParticleSystems":true},"in2DMode":false,"pivot":{"x":-0.8399714231491089,"y":0.45973384380340578,"z":0.24441957473754884},"rotation":{"x":-0.042225416749715808,"y":0.9559218287467957,"z":-0.1727733612060547,"w":-0.233625128865242},"size":6.4146528244018559,"orthographic":false}